country,users,avg_age,avg_purchases,sum_revenue,avg_revenue
CN,2,24.0,4.5,2108,1054.0
DE,6,34.6,6.5,8673,1445.5
FR,12,46.25,4.25,8111,675.9166666666666
RU,12,30.076923076923077,4.769230769230769,10271,790.0769230769231
US,8,36.714285714285715,4.625,4459,557.375
